"","qseqid","taxon","taxonomic_level","species","genus","family","order","class","phylum","kingdom"
"1","ASV_0023","Petromyzontidae","family",NA,NA,"Petromyzontidae","Petromyzontiformes","Hyperoartia","Chordata","Eukaryota"
"2","ASV_0031","Petromyzontidae","family",NA,NA,"Petromyzontidae","Petromyzontiformes","Hyperoartia","Chordata","Eukaryota"
"3","ASV_0037","Pleuronectidae","family",NA,NA,"Pleuronectidae","Pleuronectiformes","Actinopteri","Chordata","Eukaryota"
"4","ASV_0050","Osmeridae","family",NA,NA,"Osmeridae","Osmeriformes","Actinopteri","Chordata","Eukaryota"
"5","ASV_0092","Osmeridae","family",NA,NA,"Osmeridae","Osmeriformes","Actinopteri","Chordata","Eukaryota"
"6","ASV_0161","Pleuronectidae","family",NA,NA,"Pleuronectidae","Pleuronectiformes","Actinopteri","Chordata","Eukaryota"
"7","ASV_0209","Petromyzontidae","family",NA,NA,"Petromyzontidae","Petromyzontiformes","Hyperoartia","Chordata","Eukaryota"
"8","ASV_0225","Osmeridae","family",NA,NA,"Osmeridae","Osmeriformes","Actinopteri","Chordata","Eukaryota"
"9","ASV_0243","Petromyzontidae","family",NA,NA,"Petromyzontidae","Petromyzontiformes","Hyperoartia","Chordata","Eukaryota"
"10","ASV_0264","Gadidae","family",NA,NA,"Gadidae","Gadiformes","Actinopteri","Chordata","Eukaryota"
"11","ASV_0002","Cottus","genus",NA,"Cottus","Cottidae","Perciformes","Actinopteri","Chordata","Eukaryota"
"12","ASV_0009","Cottus","genus",NA,"Cottus","Cottidae","Perciformes","Actinopteri","Chordata","Eukaryota"
"13","ASV_0011","Oncorhynchus","genus",NA,"Oncorhynchus","Salmonidae","Salmoniformes","Actinopteri","Chordata","Eukaryota"
"14","ASV_0018","Salvelinus","genus",NA,"Salvelinus","Salmonidae","Salmoniformes","Actinopteri","Chordata","Eukaryota"
"15","ASV_0019","Cottus","genus",NA,"Cottus","Cottidae","Perciformes","Actinopteri","Chordata","Eukaryota"
"16","ASV_0025","Oncorhynchus","genus",NA,"Oncorhynchus","Salmonidae","Salmoniformes","Actinopteri","Chordata","Eukaryota"
"17","ASV_0034","Salvelinus","genus",NA,"Salvelinus","Salmonidae","Salmoniformes","Actinopteri","Chordata","Eukaryota"
"18","ASV_0036","Gadus","genus",NA,"Gadus","Gadidae","Gadiformes","Actinopteri","Chordata","Eukaryota"
"19","ASV_0042","Oncorhynchus","genus",NA,"Oncorhynchus","Salmonidae","Salmoniformes","Actinopteri","Chordata","Eukaryota"
"20","ASV_0046","Cottus","genus",NA,"Cottus","Cottidae","Perciformes","Actinopteri","Chordata","Eukaryota"
"21","ASV_0047","Cottus","genus",NA,"Cottus","Cottidae","Perciformes","Actinopteri","Chordata","Eukaryota"
"22","ASV_0049","Sebastes","genus",NA,"Sebastes","Sebastidae","Perciformes","Actinopteri","Chordata","Eukaryota"
"23","ASV_0051","Cottus","genus",NA,"Cottus","Cottidae","Perciformes","Actinopteri","Chordata","Eukaryota"
"24","ASV_0057","Salvelinus","genus",NA,"Salvelinus","Salmonidae","Salmoniformes","Actinopteri","Chordata","Eukaryota"
"25","ASV_0059","Bos","genus",NA,"Bos","Bovidae","Artiodactyla","Mammalia","Chordata","Eukaryota"
"26","ASV_0060","Oncorhynchus","genus",NA,"Oncorhynchus","Salmonidae","Salmoniformes","Actinopteri","Chordata","Eukaryota"
"27","ASV_0061","Salvelinus","genus",NA,"Salvelinus","Salmonidae","Salmoniformes","Actinopteri","Chordata","Eukaryota"
"28","ASV_0071","Cottus","genus",NA,"Cottus","Cottidae","Perciformes","Actinopteri","Chordata","Eukaryota"
"29","ASV_0073","Cottus","genus",NA,"Cottus","Cottidae","Perciformes","Actinopteri","Chordata","Eukaryota"
"30","ASV_0075","Cottus","genus",NA,"Cottus","Cottidae","Perciformes","Actinopteri","Chordata","Eukaryota"
"31","ASV_0080","Cottus","genus",NA,"Cottus","Cottidae","Perciformes","Actinopteri","Chordata","Eukaryota"
"32","ASV_0087","Oncorhynchus","genus",NA,"Oncorhynchus","Salmonidae","Salmoniformes","Actinopteri","Chordata","Eukaryota"
"33","ASV_0088","Cottus","genus",NA,"Cottus","Cottidae","Perciformes","Actinopteri","Chordata","Eukaryota"
"34","ASV_0094","Sebastes","genus",NA,"Sebastes","Sebastidae","Perciformes","Actinopteri","Chordata","Eukaryota"
"35","ASV_0095","Cottus","genus",NA,"Cottus","Cottidae","Perciformes","Actinopteri","Chordata","Eukaryota"
"36","ASV_0096","Lepidopsetta","genus",NA,"Lepidopsetta","Pleuronectidae","Pleuronectiformes","Actinopteri","Chordata","Eukaryota"
"37","ASV_0099","Salvelinus","genus",NA,"Salvelinus","Salmonidae","Salmoniformes","Actinopteri","Chordata","Eukaryota"
"38","ASV_0101","Cottus","genus",NA,"Cottus","Cottidae","Perciformes","Actinopteri","Chordata","Eukaryota"
"39","ASV_0104","Gadus","genus",NA,"Gadus","Gadidae","Gadiformes","Actinopteri","Chordata","Eukaryota"
"40","ASV_0107","Oncorhynchus nerka","species","Oncorhynchus nerka","Oncorhynchus","Salmonidae","Salmoniformes","Actinopteri","Chordata","Eukaryota"
"41","ASV_0110","Cottus","genus",NA,"Cottus","Cottidae","Perciformes","Actinopteri","Chordata","Eukaryota"
"42","ASV_0112","Cottus","genus",NA,"Cottus","Cottidae","Perciformes","Actinopteri","Chordata","Eukaryota"
"43","ASV_0116","Cottus","genus",NA,"Cottus","Cottidae","Perciformes","Actinopteri","Chordata","Eukaryota"
"44","ASV_0118","Cottus","genus",NA,"Cottus","Cottidae","Perciformes","Actinopteri","Chordata","Eukaryota"
"45","ASV_0126","Cottus","genus",NA,"Cottus","Cottidae","Perciformes","Actinopteri","Chordata","Eukaryota"
"46","ASV_0133","Cottus","genus",NA,"Cottus","Cottidae","Perciformes","Actinopteri","Chordata","Eukaryota"
"47","ASV_0135","Cottus","genus",NA,"Cottus","Cottidae","Perciformes","Actinopteri","Chordata","Eukaryota"
"48","ASV_0142","Cottus","genus",NA,"Cottus","Cottidae","Perciformes","Actinopteri","Chordata","Eukaryota"
"49","ASV_0144","Gadus","genus",NA,"Gadus","Gadidae","Gadiformes","Actinopteri","Chordata","Eukaryota"
"50","ASV_0146","Cottus","genus",NA,"Cottus","Cottidae","Perciformes","Actinopteri","Chordata","Eukaryota"
"51","ASV_0147","Cottus","genus",NA,"Cottus","Cottidae","Perciformes","Actinopteri","Chordata","Eukaryota"
"52","ASV_0150","Bathymaster","genus",NA,"Bathymaster","Bathymasteridae","Perciformes","Actinopteri","Chordata","Eukaryota"
"53","ASV_0152","Cottus","genus",NA,"Cottus","Cottidae","Perciformes","Actinopteri","Chordata","Eukaryota"
"54","ASV_0153","Cottus","genus",NA,"Cottus","Cottidae","Perciformes","Actinopteri","Chordata","Eukaryota"
"55","ASV_0155","Cottus","genus",NA,"Cottus","Cottidae","Perciformes","Actinopteri","Chordata","Eukaryota"
"56","ASV_0156","Cottus","genus",NA,"Cottus","Cottidae","Perciformes","Actinopteri","Chordata","Eukaryota"
"57","ASV_0157","Cottus","genus",NA,"Cottus","Cottidae","Perciformes","Actinopteri","Chordata","Eukaryota"
"58","ASV_0168","Gadus","genus",NA,"Gadus","Gadidae","Gadiformes","Actinopteri","Chordata","Eukaryota"
"59","ASV_0170","Cottus","genus",NA,"Cottus","Cottidae","Perciformes","Actinopteri","Chordata","Eukaryota"
"60","ASV_0172","Cottus","genus",NA,"Cottus","Cottidae","Perciformes","Actinopteri","Chordata","Eukaryota"
"61","ASV_0173","Cottus","genus",NA,"Cottus","Cottidae","Perciformes","Actinopteri","Chordata","Eukaryota"
"62","ASV_0174","Cottus","genus",NA,"Cottus","Cottidae","Perciformes","Actinopteri","Chordata","Eukaryota"
"63","ASV_0182","Cottus","genus",NA,"Cottus","Cottidae","Perciformes","Actinopteri","Chordata","Eukaryota"
"64","ASV_0183","Oncorhynchus","genus",NA,"Oncorhynchus","Salmonidae","Salmoniformes","Actinopteri","Chordata","Eukaryota"
"65","ASV_0188","Cottus","genus",NA,"Cottus","Cottidae","Perciformes","Actinopteri","Chordata","Eukaryota"
"66","ASV_0194","Salvelinus","genus",NA,"Salvelinus","Salmonidae","Salmoniformes","Actinopteri","Chordata","Eukaryota"
"67","ASV_0201","Oncorhynchus","genus",NA,"Oncorhynchus","Salmonidae","Salmoniformes","Actinopteri","Chordata","Eukaryota"
"68","ASV_0206","Cottus","genus",NA,"Cottus","Cottidae","Perciformes","Actinopteri","Chordata","Eukaryota"
"69","ASV_0207","Gadus","genus",NA,"Gadus","Gadidae","Gadiformes","Actinopteri","Chordata","Eukaryota"
"70","ASV_0219","Cottus","genus",NA,"Cottus","Cottidae","Perciformes","Actinopteri","Chordata","Eukaryota"
"71","ASV_0222","Cottus","genus",NA,"Cottus","Cottidae","Perciformes","Actinopteri","Chordata","Eukaryota"
"72","ASV_0232","Cottus","genus",NA,"Cottus","Cottidae","Perciformes","Actinopteri","Chordata","Eukaryota"
"73","ASV_0234","Cottus","genus",NA,"Cottus","Cottidae","Perciformes","Actinopteri","Chordata","Eukaryota"
"74","ASV_0242","Salvelinus","genus",NA,"Salvelinus","Salmonidae","Salmoniformes","Actinopteri","Chordata","Eukaryota"
"75","ASV_0244","Cottus","genus",NA,"Cottus","Cottidae","Perciformes","Actinopteri","Chordata","Eukaryota"
"76","ASV_0247","Oncorhynchus","genus",NA,"Oncorhynchus","Salmonidae","Salmoniformes","Actinopteri","Chordata","Eukaryota"
"77","ASV_0249","Cottus","genus",NA,"Cottus","Cottidae","Perciformes","Actinopteri","Chordata","Eukaryota"
"78","ASV_0257","Cottus","genus",NA,"Cottus","Cottidae","Perciformes","Actinopteri","Chordata","Eukaryota"
"79","ASV_0263","Salvelinus","genus",NA,"Salvelinus","Salmonidae","Salmoniformes","Actinopteri","Chordata","Eukaryota"
"80","ASV_0269","Cottus","genus",NA,"Cottus","Cottidae","Perciformes","Actinopteri","Chordata","Eukaryota"
"81","ASV_0270","Cottus","genus",NA,"Cottus","Cottidae","Perciformes","Actinopteri","Chordata","Eukaryota"
"82","ASV_0271","Salvelinus","genus",NA,"Salvelinus","Salmonidae","Salmoniformes","Actinopteri","Chordata","Eukaryota"
"83","ASV_0001","Oncorhynchus nerka","species","Oncorhynchus nerka","Oncorhynchus","Salmonidae","Salmoniformes","Actinopteri","Chordata","Eukaryota"
"84","ASV_0003","Oncorhynchus gorbuscha","species","Oncorhynchus gorbuscha","Oncorhynchus","Salmonidae","Salmoniformes","Actinopteri","Chordata","Eukaryota"
"85","ASV_0004","Thaleichthys pacificus","species","Thaleichthys pacificus","Thaleichthys","Osmeridae","Osmeriformes","Actinopteri","Chordata","Eukaryota"
"86","ASV_0005","Gasterosteus aculeatus","species","Gasterosteus aculeatus","Gasterosteus","Gasterosteidae","Perciformes","Actinopteri","Chordata","Eukaryota"
"87","ASV_0006","Oncorhynchus nerka","species","Oncorhynchus nerka","Oncorhynchus","Salmonidae","Salmoniformes","Actinopteri","Chordata","Eukaryota"
"88","ASV_0007","Oncorhynchus tshawytscha","species","Oncorhynchus tshawytscha","Oncorhynchus","Salmonidae","Salmoniformes","Actinopteri","Chordata","Eukaryota"
"89","ASV_0008","Oncorhynchus kisutch","species","Oncorhynchus kisutch","Oncorhynchus","Salmonidae","Salmoniformes","Actinopteri","Chordata","Eukaryota"
"90","ASV_0013","Oncorhynchus nerka","species","Oncorhynchus nerka","Oncorhynchus","Salmonidae","Salmoniformes","Actinopteri","Chordata","Eukaryota"
"91","ASV_0014","Platichthys stellatus","species","Platichthys stellatus","Platichthys","Pleuronectidae","Pleuronectiformes","Actinopteri","Chordata","Eukaryota"
"92","ASV_0015","Spirinchus thaleichthys","species","Spirinchus thaleichthys","Spirinchus","Osmeridae","Osmeriformes","Actinopteri","Chordata","Eukaryota"
"93","ASV_0016","Oncorhynchus kisutch","species","Oncorhynchus kisutch","Oncorhynchus","Salmonidae","Salmoniformes","Actinopteri","Chordata","Eukaryota"
"94","ASV_0017","Oncorhynchus nerka","species","Oncorhynchus nerka","Oncorhynchus","Salmonidae","Salmoniformes","Actinopteri","Chordata","Eukaryota"
"95","ASV_0020","Oncorhynchus gorbuscha","species","Oncorhynchus gorbuscha","Oncorhynchus","Salmonidae","Salmoniformes","Actinopteri","Chordata","Eukaryota"
"96","ASV_0021","Oncorhynchus tshawytscha","species","Oncorhynchus tshawytscha","Oncorhynchus","Salmonidae","Salmoniformes","Actinopteri","Chordata","Eukaryota"
"97","ASV_0022","Thaleichthys pacificus","species","Thaleichthys pacificus","Thaleichthys","Osmeridae","Osmeriformes","Actinopteri","Chordata","Eukaryota"
"98","ASV_0024","Hippoglossus stenolepis","species","Hippoglossus stenolepis","Hippoglossus","Pleuronectidae","Pleuronectiformes","Actinopteri","Chordata","Eukaryota"
"99","ASV_0026","Gasterosteus aculeatus","species","Gasterosteus aculeatus","Gasterosteus","Gasterosteidae","Perciformes","Actinopteri","Chordata","Eukaryota"
"100","ASV_0027","Gasterosteus aculeatus","species","Gasterosteus aculeatus","Gasterosteus","Gasterosteidae","Perciformes","Actinopteri","Chordata","Eukaryota"
"101","ASV_0028","Gasterosteus aculeatus","species","Gasterosteus aculeatus","Gasterosteus","Gasterosteidae","Perciformes","Actinopteri","Chordata","Eukaryota"
"102","ASV_0029","Alces alces","species","Alces alces","Alces","Cervidae","Artiodactyla","Mammalia","Chordata","Eukaryota"
"103","ASV_0030","Oncorhynchus nerka","species","Oncorhynchus nerka","Oncorhynchus","Salmonidae","Salmoniformes","Actinopteri","Chordata","Eukaryota"
"104","ASV_0032","Oncorhynchus clarkii","species","Oncorhynchus clarkii","Oncorhynchus","Salmonidae","Salmoniformes","Actinopteri","Chordata","Eukaryota"
"105","ASV_0033","Gasterosteus aculeatus","species","Gasterosteus aculeatus","Gasterosteus","Gasterosteidae","Perciformes","Actinopteri","Chordata","Eukaryota"
"106","ASV_0035","Gasterosteus aculeatus","species","Gasterosteus aculeatus","Gasterosteus","Gasterosteidae","Perciformes","Actinopteri","Chordata","Eukaryota"
"107","ASV_0038","Oncorhynchus kisutch","species","Oncorhynchus kisutch","Oncorhynchus","Salmonidae","Salmoniformes","Actinopteri","Chordata","Eukaryota"
"108","ASV_0040","Gasterosteus aculeatus","species","Gasterosteus aculeatus","Gasterosteus","Gasterosteidae","Perciformes","Actinopteri","Chordata","Eukaryota"
"109","ASV_0041","Salvelinus namaycush","species","Salvelinus namaycush","Salvelinus","Salmonidae","Salmoniformes","Actinopteri","Chordata","Eukaryota"
"110","ASV_0043","Anoplopoma fimbria","species","Anoplopoma fimbria","Anoplopoma","Anoplopomatidae","Perciformes","Actinopteri","Chordata","Eukaryota"
"111","ASV_0048","Oncorhynchus gorbuscha","species","Oncorhynchus gorbuscha","Oncorhynchus","Salmonidae","Salmoniformes","Actinopteri","Chordata","Eukaryota"
"112","ASV_0052","Oncorhynchus gorbuscha","species","Oncorhynchus gorbuscha","Oncorhynchus","Salmonidae","Salmoniformes","Actinopteri","Chordata","Eukaryota"
"113","ASV_0053","Oncorhynchus kisutch","species","Oncorhynchus kisutch","Oncorhynchus","Salmonidae","Salmoniformes","Actinopteri","Chordata","Eukaryota"
"114","ASV_0056","Oncorhynchus nerka","species","Oncorhynchus nerka","Oncorhynchus","Salmonidae","Salmoniformes","Actinopteri","Chordata","Eukaryota"
"115","ASV_0058","Oncorhynchus mykiss","species","Oncorhynchus mykiss","Oncorhynchus","Salmonidae","Salmoniformes","Actinopteri","Chordata","Eukaryota"
"116","ASV_0062","Thaleichthys pacificus","species","Thaleichthys pacificus","Thaleichthys","Osmeridae","Osmeriformes","Actinopteri","Chordata","Eukaryota"
"117","ASV_0063","Sus scrofa","species","Sus scrofa","Sus","Suidae","Artiodactyla","Mammalia","Chordata","Eukaryota"
"118","ASV_0065","Thaleichthys pacificus","species","Thaleichthys pacificus","Thaleichthys","Osmeridae","Osmeriformes","Actinopteri","Chordata","Eukaryota"
"119","ASV_0066","Leptocottus armatus","species","Leptocottus armatus","Leptocottus","Cottidae","Perciformes","Actinopteri","Chordata","Eukaryota"
"120","ASV_0067","Thaleichthys pacificus","species","Thaleichthys pacificus","Thaleichthys","Osmeridae","Osmeriformes","Actinopteri","Chordata","Eukaryota"
"121","ASV_0068","Cottus rhotheus","species","Cottus rhotheus","Cottus","Cottidae","Perciformes","Actinopteri","Chordata","Eukaryota"
"122","ASV_0069","Gasterosteus aculeatus","species","Gasterosteus aculeatus","Gasterosteus","Gasterosteidae","Perciformes","Actinopteri","Chordata","Eukaryota"
"123","ASV_0070","Oncorhynchus kisutch","species","Oncorhynchus kisutch","Oncorhynchus","Salmonidae","Salmoniformes","Actinopteri","Chordata","Eukaryota"
"124","ASV_0072","Gasterosteus aculeatus","species","Gasterosteus aculeatus","Gasterosteus","Gasterosteidae","Perciformes","Actinopteri","Chordata","Eukaryota"
"125","ASV_0074","Gadus macrocephalus","species","Gadus macrocephalus","Gadus","Gadidae","Gadiformes","Actinopteri","Chordata","Eukaryota"
"126","ASV_0077","Gasterosteus aculeatus","species","Gasterosteus aculeatus","Gasterosteus","Gasterosteidae","Perciformes","Actinopteri","Chordata","Eukaryota"
"127","ASV_0078","Oncorhynchus kisutch","species","Oncorhynchus kisutch","Oncorhynchus","Salmonidae","Salmoniformes","Actinopteri","Chordata","Eukaryota"
"128","ASV_0079","Prosopium coulterii","species","Prosopium coulterii","Prosopium","Salmonidae","Salmoniformes","Actinopteri","Chordata","Eukaryota"
"129","ASV_0081","Platichthys stellatus","species","Platichthys stellatus","Platichthys","Pleuronectidae","Pleuronectiformes","Actinopteri","Chordata","Eukaryota"
"130","ASV_0082","Oncorhynchus gorbuscha","species","Oncorhynchus gorbuscha","Oncorhynchus","Salmonidae","Salmoniformes","Actinopteri","Chordata","Eukaryota"
"131","ASV_0083","Spirinchus thaleichthys","species","Spirinchus thaleichthys","Spirinchus","Osmeridae","Osmeriformes","Actinopteri","Chordata","Eukaryota"
"132","ASV_0084","Thaleichthys pacificus","species","Thaleichthys pacificus","Thaleichthys","Osmeridae","Osmeriformes","Actinopteri","Chordata","Eukaryota"
"133","ASV_0085","Gasterosteus aculeatus","species","Gasterosteus aculeatus","Gasterosteus","Gasterosteidae","Perciformes","Actinopteri","Chordata","Eukaryota"
"134","ASV_0086","Microgadus proximus","species","Microgadus proximus","Microgadus","Gadidae","Gadiformes","Actinopteri","Chordata","Eukaryota"
"135","ASV_0089","Gadus macrocephalus","species","Gadus macrocephalus","Gadus","Gadidae","Gadiformes","Actinopteri","Chordata","Eukaryota"
"136","ASV_0090","Oncorhynchus kisutch","species","Oncorhynchus kisutch","Oncorhynchus","Salmonidae","Salmoniformes","Actinopteri","Chordata","Eukaryota"
"137","ASV_0091","Oncorhynchus tshawytscha","species","Oncorhynchus tshawytscha","Oncorhynchus","Salmonidae","Salmoniformes","Actinopteri","Chordata","Eukaryota"
"138","ASV_0093","Gasterosteus aculeatus","species","Gasterosteus aculeatus","Gasterosteus","Gasterosteidae","Perciformes","Actinopteri","Chordata","Eukaryota"
"139","ASV_0097","Oncorhynchus gorbuscha","species","Oncorhynchus gorbuscha","Oncorhynchus","Salmonidae","Salmoniformes","Actinopteri","Chordata","Eukaryota"
"140","ASV_0098","Thaleichthys pacificus","species","Thaleichthys pacificus","Thaleichthys","Osmeridae","Osmeriformes","Actinopteri","Chordata","Eukaryota"
"141","ASV_0102","Gasterosteus aculeatus","species","Gasterosteus aculeatus","Gasterosteus","Gasterosteidae","Perciformes","Actinopteri","Chordata","Eukaryota"
"142","ASV_0103","Thaleichthys pacificus","species","Thaleichthys pacificus","Thaleichthys","Osmeridae","Osmeriformes","Actinopteri","Chordata","Eukaryota"
"143","ASV_0105","Gasterosteus aculeatus","species","Gasterosteus aculeatus","Gasterosteus","Gasterosteidae","Perciformes","Actinopteri","Chordata","Eukaryota"
"144","ASV_0106","Thaleichthys pacificus","species","Thaleichthys pacificus","Thaleichthys","Osmeridae","Osmeriformes","Actinopteri","Chordata","Eukaryota"
"145","ASV_0108","Gasterosteus aculeatus","species","Gasterosteus aculeatus","Gasterosteus","Gasterosteidae","Perciformes","Actinopteri","Chordata","Eukaryota"
"146","ASV_0109","Gasterosteus aculeatus","species","Gasterosteus aculeatus","Gasterosteus","Gasterosteidae","Perciformes","Actinopteri","Chordata","Eukaryota"
"147","ASV_0111","Thaleichthys pacificus","species","Thaleichthys pacificus","Thaleichthys","Osmeridae","Osmeriformes","Actinopteri","Chordata","Eukaryota"
"148","ASV_0113","Oncorhynchus nerka","species","Oncorhynchus nerka","Oncorhynchus","Salmonidae","Salmoniformes","Actinopteri","Chordata","Eukaryota"
"149","ASV_0114","Hippoglossus stenolepis","species","Hippoglossus stenolepis","Hippoglossus","Pleuronectidae","Pleuronectiformes","Actinopteri","Chordata","Eukaryota"
"150","ASV_0115","Gasterosteus aculeatus","species","Gasterosteus aculeatus","Gasterosteus","Gasterosteidae","Perciformes","Actinopteri","Chordata","Eukaryota"
"151","ASV_0120","Oncorhynchus tshawytscha","species","Oncorhynchus tshawytscha","Oncorhynchus","Salmonidae","Salmoniformes","Actinopteri","Chordata","Eukaryota"
"152","ASV_0121","Platichthys stellatus","species","Platichthys stellatus","Platichthys","Pleuronectidae","Pleuronectiformes","Actinopteri","Chordata","Eukaryota"
"153","ASV_0122","Hippoglossus stenolepis","species","Hippoglossus stenolepis","Hippoglossus","Pleuronectidae","Pleuronectiformes","Actinopteri","Chordata","Eukaryota"
"154","ASV_0124","Oncorhynchus nerka","species","Oncorhynchus nerka","Oncorhynchus","Salmonidae","Salmoniformes","Actinopteri","Chordata","Eukaryota"
"155","ASV_0125","Gasterosteus aculeatus","species","Gasterosteus aculeatus","Gasterosteus","Gasterosteidae","Perciformes","Actinopteri","Chordata","Eukaryota"
"156","ASV_0127","Myotis lucifugus","species","Myotis lucifugus","Myotis","Vespertilionidae","Chiroptera","Mammalia","Chordata","Eukaryota"
"157","ASV_0128","Cottus rhotheus","species","Cottus rhotheus","Cottus","Cottidae","Perciformes","Actinopteri","Chordata","Eukaryota"
"158","ASV_0129","Oncorhynchus nerka","species","Oncorhynchus nerka","Oncorhynchus","Salmonidae","Salmoniformes","Actinopteri","Chordata","Eukaryota"
"159","ASV_0131","Thaleichthys pacificus","species","Thaleichthys pacificus","Thaleichthys","Osmeridae","Osmeriformes","Actinopteri","Chordata","Eukaryota"
"160","ASV_0132","Oncorhynchus kisutch","species","Oncorhynchus kisutch","Oncorhynchus","Salmonidae","Salmoniformes","Actinopteri","Chordata","Eukaryota"
"161","ASV_0134","Gasterosteus aculeatus","species","Gasterosteus aculeatus","Gasterosteus","Gasterosteidae","Perciformes","Actinopteri","Chordata","Eukaryota"
"162","ASV_0136","Thaleichthys pacificus","species","Thaleichthys pacificus","Thaleichthys","Osmeridae","Osmeriformes","Actinopteri","Chordata","Eukaryota"
"163","ASV_0137","Citrobacter pasteurii","species","Citrobacter pasteurii","Citrobacter","Enterobacteriaceae","Enterobacterales","Gammaproteobacteria","Pseudomonadota","Bacteria"
"164","ASV_0138","Oncorhynchus nerka","species","Oncorhynchus nerka","Oncorhynchus","Salmonidae","Salmoniformes","Actinopteri","Chordata","Eukaryota"
"165","ASV_0139","Gasterosteus aculeatus","species","Gasterosteus aculeatus","Gasterosteus","Gasterosteidae","Perciformes","Actinopteri","Chordata","Eukaryota"
"166","ASV_0140","Oncorhynchus nerka","species","Oncorhynchus nerka","Oncorhynchus","Salmonidae","Salmoniformes","Actinopteri","Chordata","Eukaryota"
"167","ASV_0141","Platichthys stellatus","species","Platichthys stellatus","Platichthys","Pleuronectidae","Pleuronectiformes","Actinopteri","Chordata","Eukaryota"
"168","ASV_0143","Oncorhynchus nerka","species","Oncorhynchus nerka","Oncorhynchus","Salmonidae","Salmoniformes","Actinopteri","Chordata","Eukaryota"
"169","ASV_0145","Oncorhynchus gorbuscha","species","Oncorhynchus gorbuscha","Oncorhynchus","Salmonidae","Salmoniformes","Actinopteri","Chordata","Eukaryota"
"170","ASV_0151","Gasterosteus aculeatus","species","Gasterosteus aculeatus","Gasterosteus","Gasterosteidae","Perciformes","Actinopteri","Chordata","Eukaryota"
"171","ASV_0154","Eleginus gracilis","species","Eleginus gracilis","Eleginus","Gadidae","Gadiformes","Actinopteri","Chordata","Eukaryota"
"172","ASV_0158","Oncorhynchus tshawytscha","species","Oncorhynchus tshawytscha","Oncorhynchus","Salmonidae","Salmoniformes","Actinopteri","Chordata","Eukaryota"
"173","ASV_0159","Gasterosteus aculeatus","species","Gasterosteus aculeatus","Gasterosteus","Gasterosteidae","Perciformes","Actinopteri","Chordata","Eukaryota"
"174","ASV_0160","Gasterosteus aculeatus","species","Gasterosteus aculeatus","Gasterosteus","Gasterosteidae","Perciformes","Actinopteri","Chordata","Eukaryota"
"175","ASV_0162","Gasterosteus aculeatus","species","Gasterosteus aculeatus","Gasterosteus","Gasterosteidae","Perciformes","Actinopteri","Chordata","Eukaryota"
"176","ASV_0163","Eleginus gracilis","species","Eleginus gracilis","Eleginus","Gadidae","Gadiformes","Actinopteri","Chordata","Eukaryota"
"177","ASV_0164","Oncorhynchus gorbuscha","species","Oncorhynchus gorbuscha","Oncorhynchus","Salmonidae","Salmoniformes","Actinopteri","Chordata","Eukaryota"
"178","ASV_0165","Thaleichthys pacificus","species","Thaleichthys pacificus","Thaleichthys","Osmeridae","Osmeriformes","Actinopteri","Chordata","Eukaryota"
"179","ASV_0166","Oncorhynchus nerka","species","Oncorhynchus nerka","Oncorhynchus","Salmonidae","Salmoniformes","Actinopteri","Chordata","Eukaryota"
"180","ASV_0167","Oncorhynchus nerka","species","Oncorhynchus nerka","Oncorhynchus","Salmonidae","Salmoniformes","Actinopteri","Chordata","Eukaryota"
"181","ASV_0169","Sus scrofa","species","Sus scrofa","Sus","Suidae","Artiodactyla","Mammalia","Chordata","Eukaryota"
"182","ASV_0171","Oncorhynchus nerka","species","Oncorhynchus nerka","Oncorhynchus","Salmonidae","Salmoniformes","Actinopteri","Chordata","Eukaryota"
"183","ASV_0177","Oncorhynchus nerka","species","Oncorhynchus nerka","Oncorhynchus","Salmonidae","Salmoniformes","Actinopteri","Chordata","Eukaryota"
"184","ASV_0178","Gasterosteus aculeatus","species","Gasterosteus aculeatus","Gasterosteus","Gasterosteidae","Perciformes","Actinopteri","Chordata","Eukaryota"
"185","ASV_0179","Oncorhynchus nerka","species","Oncorhynchus nerka","Oncorhynchus","Salmonidae","Salmoniformes","Actinopteri","Chordata","Eukaryota"
"186","ASV_0180","Cottus rhotheus","species","Cottus rhotheus","Cottus","Cottidae","Perciformes","Actinopteri","Chordata","Eukaryota"
"187","ASV_0181","Oncorhynchus gorbuscha","species","Oncorhynchus gorbuscha","Oncorhynchus","Salmonidae","Salmoniformes","Actinopteri","Chordata","Eukaryota"
"188","ASV_0184","Gasterosteus aculeatus","species","Gasterosteus aculeatus","Gasterosteus","Gasterosteidae","Perciformes","Actinopteri","Chordata","Eukaryota"
"189","ASV_0185","Thaleichthys pacificus","species","Thaleichthys pacificus","Thaleichthys","Osmeridae","Osmeriformes","Actinopteri","Chordata","Eukaryota"
"190","ASV_0186","Gasterosteus aculeatus","species","Gasterosteus aculeatus","Gasterosteus","Gasterosteidae","Perciformes","Actinopteri","Chordata","Eukaryota"
"191","ASV_0187","Thaleichthys pacificus","species","Thaleichthys pacificus","Thaleichthys","Osmeridae","Osmeriformes","Actinopteri","Chordata","Eukaryota"
"192","ASV_0189","Oncorhynchus nerka","species","Oncorhynchus nerka","Oncorhynchus","Salmonidae","Salmoniformes","Actinopteri","Chordata","Eukaryota"
"193","ASV_0190","Thaleichthys pacificus","species","Thaleichthys pacificus","Thaleichthys","Osmeridae","Osmeriformes","Actinopteri","Chordata","Eukaryota"
"194","ASV_0192","Thaleichthys pacificus","species","Thaleichthys pacificus","Thaleichthys","Osmeridae","Osmeriformes","Actinopteri","Chordata","Eukaryota"
"195","ASV_0193","Gasterosteus aculeatus","species","Gasterosteus aculeatus","Gasterosteus","Gasterosteidae","Perciformes","Actinopteri","Chordata","Eukaryota"
"196","ASV_0195","Gasterosteus aculeatus","species","Gasterosteus aculeatus","Gasterosteus","Gasterosteidae","Perciformes","Actinopteri","Chordata","Eukaryota"
"197","ASV_0196","Thaleichthys pacificus","species","Thaleichthys pacificus","Thaleichthys","Osmeridae","Osmeriformes","Actinopteri","Chordata","Eukaryota"
"198","ASV_0197","Catostomus catostomus","species","Catostomus catostomus","Catostomus","Catostomidae","Cypriniformes","Actinopteri","Chordata","Eukaryota"
"199","ASV_0198","Oncorhynchus gorbuscha","species","Oncorhynchus gorbuscha","Oncorhynchus","Salmonidae","Salmoniformes","Actinopteri","Chordata","Eukaryota"
"200","ASV_0199","Oncorhynchus gorbuscha","species","Oncorhynchus gorbuscha","Oncorhynchus","Salmonidae","Salmoniformes","Actinopteri","Chordata","Eukaryota"
"201","ASV_0200","Oncorhynchus nerka","species","Oncorhynchus nerka","Oncorhynchus","Salmonidae","Salmoniformes","Actinopteri","Chordata","Eukaryota"
"202","ASV_0202","Oncorhynchus gorbuscha","species","Oncorhynchus gorbuscha","Oncorhynchus","Salmonidae","Salmoniformes","Actinopteri","Chordata","Eukaryota"
"203","ASV_0203","Gasterosteus aculeatus","species","Gasterosteus aculeatus","Gasterosteus","Gasterosteidae","Perciformes","Actinopteri","Chordata","Eukaryota"
"204","ASV_0205","Gasterosteus aculeatus","species","Gasterosteus aculeatus","Gasterosteus","Gasterosteidae","Perciformes","Actinopteri","Chordata","Eukaryota"
"205","ASV_0213","Oncorhynchus tshawytscha","species","Oncorhynchus tshawytscha","Oncorhynchus","Salmonidae","Salmoniformes","Actinopteri","Chordata","Eukaryota"
"206","ASV_0215","Oncorhynchus kisutch","species","Oncorhynchus kisutch","Oncorhynchus","Salmonidae","Salmoniformes","Actinopteri","Chordata","Eukaryota"
"207","ASV_0217","Gasterosteus aculeatus","species","Gasterosteus aculeatus","Gasterosteus","Gasterosteidae","Perciformes","Actinopteri","Chordata","Eukaryota"
"208","ASV_0218","Gasterosteus aculeatus","species","Gasterosteus aculeatus","Gasterosteus","Gasterosteidae","Perciformes","Actinopteri","Chordata","Eukaryota"
"209","ASV_0220","Gasterosteus aculeatus","species","Gasterosteus aculeatus","Gasterosteus","Gasterosteidae","Perciformes","Actinopteri","Chordata","Eukaryota"
"210","ASV_0221","Sus scrofa","species","Sus scrofa","Sus","Suidae","Artiodactyla","Mammalia","Chordata","Eukaryota"
"211","ASV_0223","Oncorhynchus tshawytscha","species","Oncorhynchus tshawytscha","Oncorhynchus","Salmonidae","Salmoniformes","Actinopteri","Chordata","Eukaryota"
"212","ASV_0224","Platichthys stellatus","species","Platichthys stellatus","Platichthys","Pleuronectidae","Pleuronectiformes","Actinopteri","Chordata","Eukaryota"
"213","ASV_0229","Gadus chalcogrammus","species","Gadus chalcogrammus","Gadus","Gadidae","Gadiformes","Actinopteri","Chordata","Eukaryota"
"214","ASV_0231","Alces alces","species","Alces alces","Alces","Cervidae","Artiodactyla","Mammalia","Chordata","Eukaryota"
"215","ASV_0233","Oncorhynchus gorbuscha","species","Oncorhynchus gorbuscha","Oncorhynchus","Salmonidae","Salmoniformes","Actinopteri","Chordata","Eukaryota"
"216","ASV_0236","Gasterosteus aculeatus","species","Gasterosteus aculeatus","Gasterosteus","Gasterosteidae","Perciformes","Actinopteri","Chordata","Eukaryota"
"217","ASV_0237","Oncorhynchus nerka","species","Oncorhynchus nerka","Oncorhynchus","Salmonidae","Salmoniformes","Actinopteri","Chordata","Eukaryota"
"218","ASV_0239","Delphinapterus leucas","species","Delphinapterus leucas","Delphinapterus","Monodontidae","Artiodactyla","Mammalia","Chordata","Eukaryota"
"219","ASV_0240","Oncorhynchus nerka","species","Oncorhynchus nerka","Oncorhynchus","Salmonidae","Salmoniformes","Actinopteri","Chordata","Eukaryota"
"220","ASV_0241","Thaleichthys pacificus","species","Thaleichthys pacificus","Thaleichthys","Osmeridae","Osmeriformes","Actinopteri","Chordata","Eukaryota"
"221","ASV_0245","Oncorhynchus nerka","species","Oncorhynchus nerka","Oncorhynchus","Salmonidae","Salmoniformes","Actinopteri","Chordata","Eukaryota"
"222","ASV_0248","Platichthys stellatus","species","Platichthys stellatus","Platichthys","Pleuronectidae","Pleuronectiformes","Actinopteri","Chordata","Eukaryota"
"223","ASV_0250","Gasterosteus aculeatus","species","Gasterosteus aculeatus","Gasterosteus","Gasterosteidae","Perciformes","Actinopteri","Chordata","Eukaryota"
"224","ASV_0251","Oncorhynchus kisutch","species","Oncorhynchus kisutch","Oncorhynchus","Salmonidae","Salmoniformes","Actinopteri","Chordata","Eukaryota"
"225","ASV_0253","Thaleichthys pacificus","species","Thaleichthys pacificus","Thaleichthys","Osmeridae","Osmeriformes","Actinopteri","Chordata","Eukaryota"
"226","ASV_0254","Oncorhynchus nerka","species","Oncorhynchus nerka","Oncorhynchus","Salmonidae","Salmoniformes","Actinopteri","Chordata","Eukaryota"
"227","ASV_0255","Clupea pallasii","species","Clupea pallasii","Clupea","Clupeidae","Clupeiformes","Actinopteri","Chordata","Eukaryota"
"228","ASV_0256","Oncorhynchus gorbuscha","species","Oncorhynchus gorbuscha","Oncorhynchus","Salmonidae","Salmoniformes","Actinopteri","Chordata","Eukaryota"
"229","ASV_0259","Platichthys stellatus","species","Platichthys stellatus","Platichthys","Pleuronectidae","Pleuronectiformes","Actinopteri","Chordata","Eukaryota"
"230","ASV_0260","Thaleichthys pacificus","species","Thaleichthys pacificus","Thaleichthys","Osmeridae","Osmeriformes","Actinopteri","Chordata","Eukaryota"
"231","ASV_0261","Hippoglossus stenolepis","species","Hippoglossus stenolepis","Hippoglossus","Pleuronectidae","Pleuronectiformes","Actinopteri","Chordata","Eukaryota"
"232","ASV_0262","Thaleichthys pacificus","species","Thaleichthys pacificus","Thaleichthys","Osmeridae","Osmeriformes","Actinopteri","Chordata","Eukaryota"
"233","ASV_0267","Canis lupus","species","Canis lupus","Canis","Canidae","Carnivora","Mammalia","Chordata","Eukaryota"
"234","ASV_0272","Gasterosteus aculeatus","species","Gasterosteus aculeatus","Gasterosteus","Gasterosteidae","Perciformes","Actinopteri","Chordata","Eukaryota"
"235","ASV_0010","Prosopium cylindraceum","species","Prosopium cylindraceum","Prosopium","Salmonidae","Salmoniformes","Actinopteri","Chordata","Eukaryota"
"236","ASV_0012","Acipenser fulvescens","species","Acipenser fulvescens","Acipenser","Acipenseridae","Acipenseriformes","Actinopteri","Chordata","Eukaryota"
"237","ASV_0044","Acipenser fulvescens","species","Acipenser fulvescens","Acipenser","Acipenseridae","Acipenseriformes","Actinopteri","Chordata","Eukaryota"
"238","ASV_0045","Pungitius pungitius","species","Pungitius pungitius","Pungitius","Gasterosteidae","Perciformes","Actinopteri","Chordata","Eukaryota"
"239","ASV_0064","Prosopium cylindraceum","species","Prosopium cylindraceum","Prosopium","Salmonidae","Salmoniformes","Actinopteri","Chordata","Eukaryota"
"240","ASV_0076","Acipenser fulvescens","species","Acipenser fulvescens","Acipenser","Acipenseridae","Acipenseriformes","Actinopteri","Chordata","Eukaryota"
"241","ASV_0123","Prosopium cylindraceum","species","Prosopium cylindraceum","Prosopium","Salmonidae","Salmoniformes","Actinopteri","Chordata","Eukaryota"
"242","ASV_0130","Ophiodon elongatus","species","Ophiodon elongatus","Ophiodon","Hexagrammidae","Perciformes","Actinopteri","Chordata","Eukaryota"
"243","ASV_0148","Prosopium cylindraceum","species","Prosopium cylindraceum","Prosopium","Salmonidae","Salmoniformes","Actinopteri","Chordata","Eukaryota"
"244","ASV_0149","Thaleichthys pacificus","species","Thaleichthys pacificus","Thaleichthys","Osmeridae","Osmeriformes","Actinopteri","Chordata","Eukaryota"
"245","ASV_0175","Thaleichthys pacificus","species","Thaleichthys pacificus","Thaleichthys","Osmeridae","Osmeriformes","Actinopteri","Chordata","Eukaryota"
"246","ASV_0176","Prosopium cylindraceum","species","Prosopium cylindraceum","Prosopium","Salmonidae","Salmoniformes","Actinopteri","Chordata","Eukaryota"
"247","ASV_0204","Prosopium cylindraceum","species","Prosopium cylindraceum","Prosopium","Salmonidae","Salmoniformes","Actinopteri","Chordata","Eukaryota"
"248","ASV_0208","Prosopium cylindraceum","species","Prosopium cylindraceum","Prosopium","Salmonidae","Salmoniformes","Actinopteri","Chordata","Eukaryota"
"249","ASV_0211","Prosopium cylindraceum","species","Prosopium cylindraceum","Prosopium","Salmonidae","Salmoniformes","Actinopteri","Chordata","Eukaryota"
"250","ASV_0212","Thaleichthys pacificus","species","Thaleichthys pacificus","Thaleichthys","Osmeridae","Osmeriformes","Actinopteri","Chordata","Eukaryota"
"251","ASV_0238","Prosopium cylindraceum","species","Prosopium cylindraceum","Prosopium","Salmonidae","Salmoniformes","Actinopteri","Chordata","Eukaryota"
"252","ASV_0246","Prosopium cylindraceum","species","Prosopium cylindraceum","Prosopium","Salmonidae","Salmoniformes","Actinopteri","Chordata","Eukaryota"
"253","ASV_0258","Prosopium cylindraceum","species","Prosopium cylindraceum","Prosopium","Salmonidae","Salmoniformes","Actinopteri","Chordata","Eukaryota"
"254","ASV_0265","Prosopium cylindraceum","species","Prosopium cylindraceum","Prosopium","Salmonidae","Salmoniformes","Actinopteri","Chordata","Eukaryota"
"255","ASV_0266","Prosopium cylindraceum","species","Prosopium cylindraceum","Prosopium","Salmonidae","Salmoniformes","Actinopteri","Chordata","Eukaryota"
"256","ASV_0054","Homo sapiens","species","Homo sapiens","Homo","Hominidae","Primates","Mammalia","Chordata","Eukaryota"
"257","ASV_0227","Castor canadensis","species","Castor canadensis","Castor","Castoridae","Rodentia","Mammalia","Chordata","Eukaryota"
